,Metros cuadrados,Metros cuadrados techados,Parqueo,Dormitorios,Antiguedad del edificio,Parque cercano,Piso en el que se encuentra,Mantenimiento,Numero de pisos,Casa,Departamento,Asia,Ate Vitarte,Barranco,Breña,Callao_Luriganch_Ancon_Carabay_PuentePie,Cañete,Chaclacayo,Chorrillos_VillaSalvador_VMT,Cienegui_Pachacam_Lurin,Comas,Jesus Maria,La Molina,La Victoria,Lince,Los Olivos,Magdalena,Magdalena del Mar,Mala,Miraflores,Pucusana,Pueblo Libre,Punta Hermosa,Punta Negra,Rimac_Agust_Independen,San Antonio,San Bartolo,San Borja,San Isidro,San Luis,San Martín de Porres,San Miguel,Santa Anita,Santa Maria del Mar,Santiago de Surco,Surquillo
1,5.324302426820836e-05,0.00027795467271520094,0.18697198978365032,0.14320202130570217,-0.00020743281888153006,-0.07913933140620277,0.002154946205567665,0.00041013488476792303,-0.13698835420774053,0.5248606036388554,-1.3577587244967351e-14,0.18316332034561317,-0.5149525942920272,0.08544792345560705,-0.4326749079998673,-0.9143183038500979,0.7404962796194275,-1.2732647055614577,-0.27640726111461,-0.9368699755387381,-1.1391978528174527,-0.24370666711502695,-0.22303045903538782,-0.36884494632489967,-0.12434929174260134,-0.8069268502220169,-0.1740779991687972,-0.06017681601724833,0.039858513142195254,0.15060928547929378,0.8566282924718261,-0.2841174379469394,0.017551872842312077,-0.8694686502870348,-0.44978130390976945,1.652093110931774,0.5267820219894567,-0.10536695401970246,0.21673125932463638,-0.4229164995516454,-0.8776364751032194,-0.4144294540505892,-0.6755533143869749,0.39098956408953506,-0.05193125923477627,-0.32150400987460503
